{
 "K": [
  [
   480.1431810335188,
   0.0,
   317.6636110681506
  ],
  [
   0.0,
   447.9959650279653,
   247.82756232720433
  ],
  [
   0.0,
   0.0,
   1.0
  ]
 ],
 "d": 3.0,
 "distortion": [
  [
   0.12631033493164212,
   -0.9480841884677551,
   0.02258806628692116,
   0.007421646005395983,
   2.0314754505330783
  ]
 ],
 "h": 2.0,
 "pan": 0.0,
 "tilt": 30.0
}