{
 "K": [
  [
   446.53570623331234,
   0.0,
   406.2000557273221
  ],
  [
   0.0,
   416.9030123972682,
   215.68767203461488
  ],
  [
   0.0,
   0.0,
   1.0
  ]
 ],
 "d": 2.0,
 "distortion": [
  [
   -0.14039084900865603,
   0.4997894418421844,
   0.020116143531187482,
   0.002327518241835346,
   -0.779723834084777
  ]
 ],
 "h": 1.0,
 "pan": 0.0,
 "tilt": 30.0
}